"id","localityNo","year","week","hasReportedLice","hasMechanicalRemoval","hasBathTreatment","hasInFeedTreatment","hasCleanerFishDeployed","isFallow","avgAdultFemaleLice","avgMobileLice","avgStationaryLice","seaTemperature","bathTreatments","inFeedTreatments","cleanerFish","mechanicalRemoval","timeSinceLastChitinSynthesisInhibitorTreatment"
45024,11756,2016,1,true,false,false,false,false,false,0.47,1.2,0.77,7.4,"[]","[]",,,
6223,12982,2016,1,true,false,false,false,false,false,0.25,1.4,0,7.6,"[]","[]",,,
93852,12067,2016,1,true,false,false,false,false,false,0.27,0.87,0.07,1,"[]","[]",,,
144585,15196,2016,1,true,false,false,false,false,false,0,0.25,0.01,5,"[]","[]",,,
17766,12086,2016,1,true,false,false,false,false,false,1.2,0.5,0.4,7,"[]","[]",,,
27468,13227,2016,1,true,false,false,false,false,false,0.13,1.45,1.23,9,"[]","[]",,,
73899,11513,2016,1,true,false,false,false,false,false,0.29,0.38,0.26,6.1,"[]","[]",,,
91224,32277,2016,1,true,false,false,false,false,false,0.41,1.14,0.14,6,"[]","[]",,,
90993,32297,2016,1,true,false,false,false,false,false,0.95,0.93,0.37,6,"[]","[]",,,
145540,30156,2016,1,true,false,false,false,false,false,0.03,0.03,0,5.4,"[]","[]",,,
46410,12085,2016,1,true,false,false,false,false,false,0.31,0.97,0.1,6.5,"[]","[]",,,
133297,13254,2016,1,true,false,false,false,false,false,0.07,2.7,0.6,7.4,"[]","[]",,,
125708,12357,2016,1,true,false,false,false,false,false,0.21,0.9,0.44,6.9,"[]","[]",,,
155001,11800,2016,1,true,false,false,true,false,false,0,0.13,0.1,7.37,"[]","[{""id"":708455,""treatmentType"":""InFeed"",""startDate"":null,""endDate"":""2016-01-06T00:00:00"",""entireLocality"":false,""treatmentDetail"":[{""id"":711686,""substanceId"":0,""substance"":{""id"":5,""name"":""Emamectin benzoat""}}]}]",,,
127318,10275,2016,1,true,false,false,false,false,false,0.2,0.37,0.17,5.3,"[]","[]",,,
56112,13873,2016,1,true,false,false,false,false,false,0,0.13,0.13,9,"[]","[]",,,
198438,13305,2016,1,true,false,false,false,false,false,0.05,0.05,0.02,5,"[]","[]",,,
177173,13572,2016,1,true,false,false,false,false,false,0.26,0.5,0.04,6.8,"[]","[]",,,
134906,31877,2016,1,true,false,false,false,false,false,0.02,0.15,0.1,6.9,"[]","[]",,,
64890,18235,2016,1,true,false,false,false,false,false,0.23,7.63,1.5,8.86,"[]","[]",,,
135825,20396,2016,1,true,false,false,false,false,false,0.23,0.52,0.19,4.8,"[]","[]",,,
14763,12095,2016,1,true,false,false,false,false,false,0.3,1.15,0.05,6.5,"[]","[]",,,
113980,25055,2016,1,true,false,false,false,false,false,0,0.3,0.06,7.9,"[]","[]",,,
148517,30397,2016,1,true,false,false,false,false,false,0,0.04,0,5.6,"[]","[]",,,
102591,12178,2016,1,true,false,false,false,false,false,0,0.7,0.12,9.9,"[]","[]",,,
2313,11930,2016,1,true,false,false,false,false,false,0.3,0.83,0.31,8.2,"[]","[]",,,
122489,12625,2016,1,true,false,true,false,false,false,0.46,3.43,1.01,6.6,"[{""id"":708465,""treatmentType"":""Bath"",""startDate"":""2016-01-04T00:00:00"",""endDate"":""2016-01-08T00:00:00"",""entireLocality"":false,""treatmentDetail"":[{""id"":711698,""substanceId"":0,""substance"":{""id"":99,""name"":""Annet virkestoff""}}]}]","[]",,,
1163,31317,2016,1,true,false,false,false,false,false,0.13,1.02,0.1,6,"[]","[]",,,
65352,12308,2016,1,true,false,false,false,false,false,0.15,1.6,0.23,6.8,"[]","[]",,,
87297,22455,2016,1,true,false,false,false,false,false,0.17,0.96,0.69,7.47,"[]","[]",,,
27930,23436,2016,1,true,false,false,false,false,false,0.02,0.75,0.83,8.2,"[]","[]",,,
80367,11340,2016,1,true,false,false,false,false,false,0.03,0.13,0.02,5.9,"[]","[]",,,
24696,12156,2016,1,true,false,false,false,false,false,0.19,0.2,0.01,5.9,"[]","[]",,,
169763,13284,2016,1,true,false,false,false,false,false,0.38,1.45,0.03,6.4,"[]","[]",,,
114900,31857,2016,1,true,false,false,false,false,false,0.04,0.09,0.01,4.51,"[]","[]",,,
24234,10212,2016,1,true,false,false,false,false,false,0.28,0.78,0,7,"[]","[]",,,
188010,13143,2016,1,true,false,false,false,false,false,0,0,0,5,"[]","[]",,,
12915,10256,2016,1,true,false,false,false,false,false,0.18,0.21,0.09,2.1,"[]","[]",,,
68355,34897,2016,1,true,false,false,false,false,false,0.35,0.97,0.62,7,"[]","[]",,,
1623,15796,2016,1,true,false,true,false,false,false,0.12,0.32,0.97,7.6,"[{""id"":708443,""treatmentType"":""Bath"",""startDate"":""2015-12-28T00:00:00"",""endDate"":""2016-01-06T00:00:00"",""entireLocality"":true,""treatmentDetail"":[{""id"":711671,""substanceId"":0,""substance"":{""id"":3,""name"":""Deltamethrin""}}]}]","[]",,,
21924,11488,2016,1,true,false,false,false,false,false,0.06,0.37,0.19,7.23,"[]","[]",,,
113290,11015,2016,1,true,false,false,false,false,false,0.01,0.14,0,4.46,"[]","[]",,,
123409,13205,2016,1,true,false,false,false,false,false,0.12,0.32,0,7.47,"[]","[]",,,
27699,15621,2016,1,true,false,false,false,false,false,0.55,1.9,0,11,"[]","[]",,,
22617,12594,2016,1,true,false,false,false,false,false,0.04,0.21,0.02,7.02,"[]","[]",,,
221748,28336,2016,1,true,false,false,false,false,false,0.07,0.16,0.03,6.22,"[]","[]",,,
222884,32897,2016,1,true,false,false,false,false,false,0.05,0.16,0.03,6.05,"[]","[]",,,
96841,11435,2016,1,true,false,false,false,false,false,0,0,0,8.4,"[]","[]",,,
48720,31038,2016,1,true,false,true,false,false,false,0.3,0.83,0.32,5,"[{""id"":708498,""treatmentType"":""Bath"",""startDate"":""2016-01-06T00:00:00"",""endDate"":""2016-01-08T00:00:00"",""entireLocality"":false,""treatmentDetail"":[{""id"":711735,""substanceId"":0,""substance"":{""id"":6,""name"":""Hydrogenperoksid""}}]}]","[]",,,
66738,13841,2016,1,true,false,false,false,false,false,0.19,0.44,0.34,6.75,"[]","[]",,,
57036,33537,2016,1,true,false,false,false,false,false,0.01,0.02,0.02,5.9,"[]","[]",,,
166067,11721,2016,1,true,false,false,false,false,false,0.1,0,0,10.1,"[]","[]",,,
51030,11087,2016,1,true,false,false,false,false,false,0.2,1.02,0.01,4.6,"[]","[]",,,
62349,11543,2016,1,true,false,false,false,false,false,0.92,1.85,0.1,9.3,"[]","[]",,,
153365,11749,2016,1,true,false,false,false,false,false,0.15,3.15,0.8,7,"[]","[]",,,
3233,11857,2016,1,true,false,false,false,false,false,0.01,0.01,0,7.24,"[]","[]",,,
25389,12007,2016,1,true,false,false,false,false,false,0.22,2.55,0.13,7.7,"[]","[]",,,
28854,13229,2016,1,true,false,false,false,false,false,0.77,0.85,0.05,7.09,"[]","[]",,,
36477,32457,2016,1,true,false,false,false,false,false,0.1,0.36,0.09,7.3,"[]","[]",,,
82446,11076,2016,1,true,false,false,false,false,false,0.13,0.33,0.04,6.23,"[]","[]",,,
46179,26595,2016,1,true,false,false,false,false,false,0.19,0.8,0.03,7.2,"[]","[]",,,
14994,10110,2016,1,true,false,false,false,false,false,0.05,1.16,0.04,8.21,"[]","[]",,,
184358,30097,2016,1,true,false,false,false,false,false,0.38,3.42,0.04,6.4,"[]","[]",,,
33012,32197,2016,1,true,false,false,false,false,false,0.45,0.56,0.02,6.8,"[]","[]",,,
233048,35237,2016,1,true,false,false,false,false,false,0.05,0.08,0,5,"[]","[]",,,
38787,21415,2016,1,true,false,false,false,false,false,0.04,0.51,0.1,8.4,"[]","[]",,,
103281,11381,2016,1,true,false,false,false,false,false,0,0,0.04,5.97,"[]","[]",,,
153136,32157,2016,1,true,false,false,false,false,false,0.1,0.22,0,7.8,"[]","[]",,,
86604,32117,2016,1,true,false,false,false,false,false,0.02,0.06,0.04,7.95,"[]","[]",,,
5763,12128,2016,1,true,false,true,false,false,false,0.67,2.07,0.7,8.3,"[{""id"":708870,""treatmentType"":""Bath"",""startDate"":""2016-01-10T00:00:00"",""endDate"":""2016-01-12T00:00:00"",""entireLocality"":true,""treatmentDetail"":[{""id"":712182,""substanceId"":0,""substance"":{""id"":6,""name"":""Hydrogenperoksid""}}]}]","[]",,,
142969,13711,2016,1,true,false,false,false,false,false,0.1,1.5,0.9,9.5,"[]","[]",,,
76440,12033,2016,1,true,false,false,false,false,false,0.15,0.6,0,8.5,"[]","[]",,,
93392,12109,2016,1,true,false,false,false,false,false,0,0.03,0,8.7,"[]","[]",,,
17997,14041,2016,1,true,false,false,false,false,false,0.02,0.08,0.06,7.5,"[]","[]",,,
100751,15456,2016,1,true,false,false,false,false,false,0.05,0.71,0.27,9.8,"[]","[]",,,
37632,30137,2016,1,true,false,true,false,false,false,0.42,0.61,0.01,7.2,"[{""id"":709948,""treatmentType"":""Bath"",""startDate"":""2016-01-09T00:00:00"",""endDate"":""2016-01-10T00:00:00"",""entireLocality"":false,""treatmentDetail"":[{""id"":713403,""substanceId"":0,""substance"":{""id"":99,""name"":""Annet virkestoff""}}]}]","[]",,,
27237,12236,2016,1,true,false,false,false,false,false,0.27,2.8,0.78,6.7,"[]","[]",,,
88452,29537,2016,1,true,false,false,false,false,false,0,0,0,6.9,"[]","[]",,,
210641,33077,2016,1,true,false,false,false,false,false,0.35,1.35,0.6,7.9,"[]","[]",,,
65814,12879,2016,1,true,false,false,false,false,false,0.1,1.55,0.1,6.9,"[]","[]",,,
37863,32677,2016,1,true,false,false,false,false,false,0.02,0.16,0.02,7.2,"[]","[]",,,
69972,31157,2016,1,true,false,false,false,false,false,1.8,9.4,2.35,5.2,"[]","[]",,,
36708,24575,2016,1,true,false,false,false,false,false,0,0.38,0,5.8,"[]","[]",,,
135365,12624,2016,1,true,false,false,false,false,false,0.47,2.05,0.75,6.81,"[]","[]",,,
183731,14796,2016,1,true,false,false,false,false,false,0,0.3,0,4.9,"[]","[]",,,
30702,26775,2016,1,true,false,false,false,false,false,0.09,0.05,0.03,7.1,"[]","[]",,,
168377,10544,2016,1,true,false,true,false,false,false,0.23,0.17,0.02,5.5,"[{""id"":708495,""treatmentType"":""Bath"",""startDate"":""2016-01-05T00:00:00"",""endDate"":""2016-01-07T00:00:00"",""entireLocality"":true,""treatmentDetail"":[{""id"":711732,""substanceId"":0,""substance"":{""id"":99,""name"":""Annet virkestoff""}}]}]","[]",,,
2773,12407,2016,1,true,false,false,false,false,false,0.1,0.6,0,7.1,"[]","[]",,,
54726,25835,2016,1,true,false,true,false,false,false,1.23,2.69,0.52,7,"[{""id"":708493,""treatmentType"":""Bath"",""startDate"":""2016-01-10T00:00:00"",""endDate"":""2016-01-10T00:00:00"",""entireLocality"":false,""treatmentDetail"":[{""id"":711730,""substanceId"":0,""substance"":{""id"":6,""name"":""Hydrogenperoksid""}}]}]","[]",,,
103511,19336,2016,1,true,false,false,false,false,false,0.34,0.24,0,8.4,"[]","[]",,,
236280,21335,2016,1,true,false,false,false,false,false,0.17,0.37,0.41,8.5,"[]","[]",,,
96151,16939,2016,1,true,false,false,false,false,false,0.1,0.1,0,5.4,"[]","[]",,,
23079,33697,2016,1,true,false,false,false,false,false,0.38,0.4,0,8.4,"[]","[]",,,
137894,11833,2016,1,true,false,true,false,false,false,0.2,1.16,1.55,6.29,"[{""id"":708494,""treatmentType"":""Bath"",""startDate"":""2016-01-10T00:00:00"",""endDate"":""2016-01-10T00:00:00"",""entireLocality"":false,""treatmentDetail"":[{""id"":711731,""substanceId"":0,""substance"":{""id"":6,""name"":""Hydrogenperoksid""}}]}]","[]",,,
128698,10880,2016,1,true,false,false,false,false,false,0.14,1.5,0.15,6.2,"[]","[]",,,
216647,19278,2016,1,true,false,false,false,false,false,0.38,2.54,0,6.6,"[]","[]",,,
159830,11736,2016,1,true,false,false,false,false,false,0,0.6,0.25,7.9,"[]","[]",,,
148746,11814,2016,1,true,false,false,false,false,false,0,1.93,0.83,7.9,"[]","[]",,,
46641,22015,2016,1,true,false,false,false,false,false,0.35,8.35,0,8.7,"[]","[]",,,
60501,13058,2016,1,true,false,false,false,false,false,0.37,1.4,0.13,9.5,"[]","[]",,,
75747,13669,2016,1,true,false,false,false,false,false,0.47,1.41,0.27,8,"[]","[]",,,
150390,10747,2016,1,true,false,false,false,false,false,0.05,0.08,0.17,5.1,"[]","[]",,,
146227,31297,2016,1,true,false,false,false,false,false,0,0.13,0,6.2,"[]","[]",,,
8988,13021,2016,1,true,false,false,false,false,false,0.38,0.48,0.05,7,"[]","[]",,,
94772,11667,2016,1,true,false,false,false,false,false,0.43,2.2,0.45,8.1,"[]","[]",,,
133526,12078,2016,1,true,false,false,false,false,false,0,0.2,0.15,6.6,"[]","[]",,,
106729,26335,2016,1,true,false,false,false,false,false,0.71,3.31,0.63,5.8,"[]","[]",,,
231840,34357,2016,1,true,false,false,false,false,false,0.08,0.1,0,6.26,"[]","[]",,,
14301,13036,2016,1,true,false,false,false,false,false,0.12,0.63,0.01,6.4,"[]","[]",,,
187779,31357,2016,1,true,false,false,false,false,false,0.34,0.3,0.02,5.74,"[]","[]",,,
57498,11530,2016,1,true,false,false,false,false,false,0.04,0.4,0.3,8.2,"[]","[]",,,
227504,33617,2016,1,true,false,false,false,false,false,0.25,2.38,0.45,6.5,"[]","[]",,,
71127,13852,2016,1,true,false,false,false,false,false,0.96,1.16,0,6.8,"[]","[]",,,
89376,10324,2016,1,true,false,false,false,false,false,0.43,0.4,0.33,7.4,"[]","[]",,,
104431,11365,2016,1,true,false,false,false,false,false,0.04,0.09,0.04,5.5,"[]","[]",,,
57267,24315,2016,1,true,false,false,false,false,false,0.04,0.22,0.01,5.4,"[]","[]",,,
208793,32037,2016,1,true,false,false,false,false,false,0.05,0.6,0,7,"[]","[]",,,
130998,10734,2016,1,true,false,false,false,false,false,0,0,0.09,5,"[]","[]",,,
51492,11690,2016,1,true,false,false,false,false,false,0.03,0.09,0,5.2,"[]","[]",,,
193092,32917,2016,1,true,false,false,false,false,false,0.03,0.07,0,7.1,"[]","[]",,,
90531,11559,2016,1,true,false,false,false,false,false,0.1,0.4,0.04,7.5,"[]","[]",,,
58191,17177,2016,1,true,false,false,false,false,false,0.31,1.02,0.59,8,"[]","[]",,,
107188,11907,2016,1,true,false,false,false,false,false,0.31,0.64,0.01,9.6,"[]","[]",,,
56343,12265,2016,1,true,false,false,false,false,false,0.43,1.38,0.21,8.6,"[]","[]",,,
225887,33357,2016,1,true,false,false,false,false,false,0,0,0,7.6,"[]","[]",,,
10605,12435,2016,1,true,false,false,false,false,false,0.38,0.86,0,7.22,"[]","[]",,,
15225,12789,2016,1,true,false,false,false,false,false,0.07,0.18,0.01,7.5,"[]","[]",,,
5993,32317,2016,1,true,false,false,false,false,false,0,0.15,0,7.6,"[]","[]",,,
89838,29697,2016,1,true,false,false,false,false,false,0.34,0.52,0,8.2,"[]","[]",,,
177386,13949,2016,1,true,false,false,false,false,false,0,0.13,0.17,4.7,"[]","[]",,,
58653,13886,2016,1,true,false,false,false,false,false,0.07,0.1,0,5.4,"[]","[]",,,
77133,31577,2016,1,true,false,false,false,false,false,0,0,0.04,7.7,"[]","[]",,,
162656,13996,2016,1,true,false,false,false,false,false,0,0.1,0.08,5.9,"[]","[]",,,
41790,18639,2016,1,true,true,true,false,false,false,0.25,1.71,0.93,7.53,"[{""id"":708462,""treatmentType"":""Bath"",""startDate"":""2016-01-07T00:00:00"",""endDate"":""2016-01-07T00:00:00"",""entireLocality"":true,""treatmentDetail"":[{""id"":711695,""substanceId"":0,""substance"":{""id"":3,""name"":""Deltamethrin""}}]}]","[]",,"{""id"":701127,""entireLocality"":false}",
70896,11643,2016,1,true,false,false,false,false,false,0.35,1.8,1.2,7,"[]","[]",,,
41097,11511,2016,1,true,false,false,false,false,false,0.35,0.66,0.21,7.4,"[]","[]",,,
31164,30257,2016,1,true,false,false,false,false,false,0.26,0.37,0.24,6.7,"[]","[]",,,
104891,26615,2016,1,true,false,false,false,false,false,0.03,0.1,0,6.29,"[]","[]",,,
102361,12896,2016,1,true,false,false,false,false,false,0.12,0.29,0.61,8.9,"[]","[]",,,
125938,11740,2016,1,true,false,true,false,false,false,0.17,0.61,0.15,6.7,"[{""id"":708500,""treatmentType"":""Bath"",""startDate"":""2016-01-06T00:00:00"",""endDate"":""2016-01-09T00:00:00"",""entireLocality"":false,""treatmentDetail"":[{""id"":711737,""substanceId"":0,""substance"":{""id"":99,""name"":""Annet virkestoff""}}]}]","[]",,,
77826,10425,2016,1,true,false,false,false,false,false,0.46,0.55,0,9.2,"[]","[]",,,
108567,11783,2016,1,true,false,false,false,true,false,0.34,2.22,0.16,7.9,"[]","[]","{""id"":722160,""liceReport"":null,""entireLocality"":false,""cleanerFishDetail"":[{""id"":738563,""speciesId"":2221,""species"":{""id"":2221,""name"":""Rognkjeks (felles)""},""quantity"":15000}]}",,
127088,13838,2016,1,true,false,false,false,false,false,1.2,1.5,0,7.89,"[]","[]",,,
66276,13503,2016,1,true,false,false,false,false,false,0.1,0.3,0.1,7.1,"[]","[]",,,
158449,14679,2016,1,true,false,false,false,false,false,0.1,4.69,0.45,5,"[]","[]",,,
13146,11920,2016,1,true,false,false,false,false,false,0.28,0.94,0.35,7.57,"[]","[]",,,
181796,13119,2016,1,true,false,false,false,false,false,0,0,0.07,4.6,"[]","[]",,,
39942,22596,2016,1,true,false,true,false,false,false,0.34,1.36,0.07,8.01,"[{""id"":708487,""treatmentType"":""Bath"",""startDate"":""2016-01-05T00:00:00"",""endDate"":""2016-01-06T00:00:00"",""entireLocality"":true,""treatmentDetail"":[{""id"":711721,""substanceId"":0,""substance"":{""id"":3,""name"":""Deltamethrin""}}]}]","[]",,,
39480,34017,2016,1,true,false,false,false,false,false,0.35,0.7,0,7.2,"[]","[]",,,
140209,13006,2016,1,true,false,false,false,false,false,0.37,0.67,0.1,5.1,"[]","[]",,,
202325,10410,2016,1,true,false,false,false,false,false,0.4,0.7,0.65,4.5,"[]","[]",,,
18459,12036,2016,1,true,false,false,false,false,false,0.03,0.1,0.05,7.07,"[]","[]",,,
48027,10300,2016,1,true,false,true,false,false,false,0.7,3.77,0.65,6.61,"[{""id"":708472,""treatmentType"":""Bath"",""startDate"":""2016-01-05T00:00:00"",""endDate"":""2016-01-07T00:00:00"",""entireLocality"":true,""treatmentDetail"":[{""id"":711705,""substanceId"":0,""substance"":{""id"":6,""name"":""Hydrogenperoksid""}}]}]","[]",,,
148975,10291,2016,1,true,false,false,false,false,false,0.23,3.1,1.33,8.3,"[]","[]",,,
70434,13643,2016,1,true,false,false,false,false,false,0.14,1.34,0.04,8,"[]","[]",,,
138354,12035,2016,1,true,false,false,false,false,false,1.57,3.8,0.47,5.99,"[]","[]",,,
47334,32757,2016,1,true,false,false,false,false,false,0.45,2.3,0.95,8.8,"[]","[]",,,
54495,33218,2016,1,true,false,false,false,false,false,0.09,0.29,0.05,5.4,"[]","[]",,,
84294,10808,2016,1,true,false,false,false,false,false,0,0.03,0,4.78,"[]","[]",,,
229352,13337,2016,1,true,false,false,false,false,false,0,0.02,0,5,"[]","[]",,,
164006,21016,2016,1,true,false,false,false,false,false,0,0.05,0,6.2,"[]","[]",,,
51261,34397,2016,1,true,false,false,false,false,false,0.1,1,1.4,8,"[]","[]",,,
97301,10536,2016,1,true,false,false,false,false,false,0.23,0.23,0,6.56,"[]","[]",,,
74592,13231,2016,1,true,false,false,false,false,false,0.31,1.01,0.24,7.6,"[]","[]",,,
199091,12115,2016,1,true,false,false,false,false,false,0,0,0,5.5,"[]","[]",,,
141359,18936,2016,1,true,false,false,false,false,false,0.07,0.22,0.02,5.3,"[]","[]",,,
7373,27095,2016,1,true,false,true,false,false,false,0.17,1.23,0,8.7,"[{""id"":708442,""treatmentType"":""Bath"",""startDate"":""2015-12-27T00:00:00"",""endDate"":""2016-01-05T00:00:00"",""entireLocality"":true,""treatmentDetail"":[{""id"":711670,""substanceId"":0,""substance"":{""id"":6,""name"":""Hydrogenperoksid""}}]}]","[]",,,
1853,10240,2016,1,true,false,false,false,false,false,0.4,0.5,0,7.2,"[]","[]",,,
70665,13236,2016,1,true,false,false,false,false,false,0.01,0.18,0.08,8.5,"[]","[]",,,
76902,12224,2016,1,true,false,false,false,false,false,0.45,1.9,0.1,8.1,"[]","[]",,,
56574,12599,2016,1,true,false,false,false,false,false,0.02,0.29,0.02,6.99,"[]","[]",,,
132378,24295,2016,1,true,false,false,false,false,false,0.08,0.09,0.02,4,"[]","[]",,,
230969,26495,2016,1,true,false,false,false,false,false,0,0.02,0.01,5,"[]","[]",,,
11760,12260,2016,1,true,false,false,false,false,false,0.1,0.32,0,6.5,"[]","[]",,,
6913,25736,2016,1,true,false,false,false,false,false,0.01,0.11,0,6.7,"[]","[]",,,
57729,29656,2016,1,true,false,false,false,false,false,0.16,0.45,0.29,8.8,"[]","[]",,,
119500,29436,2016,1,true,false,false,false,false,false,0.02,0.2,0.02,6.9,"[]","[]",,,
27006,13242,2016,1,true,false,false,false,false,false,0.19,0.26,0.1,7.84,"[]","[]",,,
181544,30036,2016,1,true,false,true,false,false,false,0.16,0.42,0.35,8.43,"[{""id"":708459,""treatmentType"":""Bath"",""startDate"":""2016-01-06T00:00:00"",""endDate"":""2016-01-06T00:00:00"",""entireLocality"":true,""treatmentDetail"":[{""id"":711691,""substanceId"":0,""substance"":{""id"":99,""name"":""Annet virkestoff""}}]}]","[]",,,
50106,22915,2016,1,true,false,false,false,false,false,0.35,1.95,0.8,8,"[]","[]",,,
53340,13220,2016,1,true,false,false,false,false,false,0,0.14,0,8.17,"[]","[]",,,
151762,27996,2016,1,true,false,false,false,false,false,0,0.02,0.02,4.97,"[]","[]",,,
124558,10759,2016,1,true,false,false,false,false,false,0.03,0.02,0,5.6,"[]","[]",,,
67431,12872,2016,1,true,false,false,false,false,false,0.05,0.3,0,7.5,"[]","[]",,,
117660,29576,2016,1,true,false,false,false,false,false,0,0.14,0,7.64,"[]","[]",,,
11067,14042,2016,1,true,false,false,false,false,false,0.12,0.44,0.09,7,"[]","[]",,,
4613,30437,2016,1,true,false,false,false,false,false,0.09,0.29,0.1,7,"[]","[]",,,
19614,13573,2016,1,true,false,false,false,false,false,0,0,0,7.6,"[]","[]",,,
35322,28976,2016,1,true,false,false,false,false,false,0.31,0.79,0.23,6.8,"[]","[]",,,
12453,11913,2016,1,true,false,false,false,false,false,0.05,2.25,2.34,8.7,"[]","[]",,,
79905,10409,2016,1,true,false,false,false,false,false,0,0.05,0.04,7.69,"[]","[]",,,
233510,12294,2016,1,true,false,false,false,false,false,0.06,0.41,0.21,6.6,"[]","[]",,,
30240,26135,2016,1,true,false,false,false,false,false,0.01,0.11,0.02,7.4,"[]","[]",,,
106958,24455,2016,1,true,false,true,false,false,false,1.67,9.01,1.33,7.9,"[{""id"":708473,""treatmentType"":""Bath"",""startDate"":""2016-01-08T00:00:00"",""endDate"":""2016-01-12T00:00:00"",""entireLocality"":true,""treatmentDetail"":[{""id"":711706,""substanceId"":0,""substance"":{""id"":6,""name"":""Hydrogenperoksid""}}]}]","[]",,,
182489,12215,2016,1,true,false,false,false,false,false,0,0,0,11,"[]","[]",,,
137664,10206,2016,1,true,false,false,false,false,false,0.15,0.25,0.15,6.9,"[]","[]",,,
130308,10828,2016,1,true,false,false,false,false,false,0.09,0.27,0.25,4.9,"[]","[]",,,
228197,33998,2016,1,true,false,false,false,false,false,0.08,0.1,0,5.4,"[]","[]",,,
108797,13339,2016,1,true,false,false,false,false,false,0,0.37,0.61,7.8,"[]","[]",,,
38556,12980,2016,1,true,false,false,false,false,false,0.69,9.5,0.19,8.9,"[]","[]",,,
121109,11763,2016,1,true,false,false,false,false,false,0.35,3.2,0.45,8.6,"[]","[]",,,
203066,11534,2016,1,true,false,false,false,false,false,0.5,1.1,0.02,7.3,"[]","[]",,,
201401,13567,2016,1,true,false,false,false,false,false,0.1,0.6,0.2,8.4,"[]","[]",,,
141819,11575,2016,1,true,false,false,false,false,false,0,0.03,0.05,6.34,"[]","[]",,,
163331,29557,2016,1,true,false,false,false,false,false,0.05,0.17,0,5.2,"[]","[]",,,
15456,10113,2016,1,true,false,false,false,false,false,0,0.33,0.18,8.39,"[]","[]",,,
53571,19195,2016,1,true,false,false,false,false,false,0.21,0.24,0.01,7.2,"[]","[]",,,
40866,11809,2016,1,true,false,false,false,false,false,0.02,0.1,0.03,6.79,"[]","[]",,,
33474,14040,2016,1,true,false,false,false,false,false,2.13,3.7,2,7,"[]","[]",,,
64197,12476,2016,1,true,false,false,false,false,false,0.38,0.73,0,7.5,"[]","[]",,,
57960,11719,2016,1,true,false,false,false,false,false,0.67,3.87,2.5,8.5,"[]","[]",,,
52185,11633,2016,1,true,false,true,false,false,false,0.02,0.13,0.18,9,"[{""id"":708469,""treatmentType"":""Bath"",""startDate"":""2016-01-04T00:00:00"",""endDate"":""2016-01-06T00:00:00"",""entireLocality"":true,""treatmentDetail"":[{""id"":711702,""substanceId"":0,""substance"":{""id"":99,""name"":""Annet virkestoff""}}]}]","[]",,,
100521,12652,2016,1,true,false,false,false,false,false,0.45,3.61,0.15,5.2,"[]","[]",,,
12684,13222,2016,1,true,false,false,false,false,false,0.03,0.83,0.75,9.8,"[]","[]",,,
236707,32518,2016,1,true,false,false,false,false,false,0.21,2.4,0,7.6,"[]","[]",,,
170456,13792,2016,1,true,false,false,false,false,false,0.15,0.57,0.12,5.7,"[]","[]",,,
85911,12213,2016,1,true,false,false,false,false,false,0.49,3.28,0.82,6.8,"[]","[]",,,
82215,11074,2016,1,true,false,false,false,false,false,0.16,0.61,0.04,6.29,"[]","[]",,,
80136,20576,2016,1,true,false,false,false,false,false,0.14,0.4,0.01,7.3,"[]","[]",,,
193758,15860,2016,1,true,false,false,false,false,false,0.02,0.16,0,5.5,"[]","[]",,,
18228,10041,2016,1,true,false,false,false,false,false,0.23,0.9,0.07,8,"[]","[]",,,
89145,32217,2016,1,true,false,false,false,false,false,0.79,2.59,0.86,1,"[]","[]",,,
35784,24975,2016,1,true,false,false,false,false,false,0.11,0.52,0.01,6.4,"[]","[]",,,
156831,13813,2016,1,true,false,false,false,false,false,0,0,0.37,4.7,"[]","[]",,,
105120,11775,2016,1,true,false,false,false,true,false,0.03,0.3,0.03,8,"[]","[]","{""id"":722161,""liceReport"":null,""entireLocality"":true,""cleanerFishDetail"":[{""id"":738564,""speciesId"":2221,""species"":{""id"":2221,""name"":""Rognkjeks (felles)""},""quantity"":50000}]}",,
44793,20595,2016,1,true,false,true,false,false,false,0.15,1.1,0.76,9.2,"[{""id"":708492,""treatmentType"":""Bath"",""startDate"":""2016-01-06T00:00:00"",""endDate"":""2016-01-07T00:00:00"",""entireLocality"":false,""treatmentDetail"":[{""id"":711728,""substanceId"":0,""substance"":{""id"":6,""name"":""Hydrogenperoksid""}},{""id"":711729,""substanceId"":0,""substance"":{""id"":6,""name"":""Hydrogenperoksid""}}]}]","[]",,,
112477,30216,2016,1,true,false,false,false,false,false,0.01,0.08,0,5.8,"[]","[]",,,
24465,13234,2016,1,true,false,false,false,false,false,0.03,0.13,0,7.3,"[]","[]",,,
206945,15657,2016,1,true,false,false,false,false,false,0,0,0,5.4,"[]","[]",,,
176000,10898,2016,1,true,false,false,false,false,false,0,0,0,6.3,"[]","[]",,,
140899,11791,2016,1,true,false,false,false,false,false,0.5,3,0.19,7.4,"[]","[]",,,
66045,12348,2016,1,true,false,false,false,false,false,0.08,0.22,0.03,7.6,"[]","[]",,,
128468,15460,2016,1,true,false,false,false,false,false,0,0.01,0,4.6,"[]","[]",,,
36246,24715,2016,1,true,false,true,false,false,false,0,1.03,0.03,8.34,"[{""id"":708497,""treatmentType"":""Bath"",""startDate"":""2016-01-05T00:00:00"",""endDate"":""2016-01-07T00:00:00"",""entireLocality"":false,""treatmentDetail"":[{""id"":711734,""substanceId"":0,""substance"":{""id"":99,""name"":""Annet virkestoff""}}]}]","[]",,,
31857,33557,2016,1,true,false,false,false,false,false,0.03,0.58,0,7.6,"[]","[]",,,
230507,34637,2016,1,true,false,false,false,false,false,1.62,2.48,0.07,6.2,"[]","[]",,,
29547,20559,2016,1,true,false,false,false,false,false,0.01,0.4,0.01,7.6,"[]","[]",,,
227966,28036,2016,1,true,false,true,false,false,false,0.17,0.37,0,5.84,"[{""id"":708464,""treatmentType"":""Bath"",""startDate"":""2016-01-05T00:00:00"",""endDate"":""2016-01-06T00:00:00"",""entireLocality"":false,""treatmentDetail"":[{""id"":711697,""substanceId"":0,""substance"":{""id"":99,""name"":""Annet virkestoff""}}]}]","[]",,,
139734,26295,2016,1,true,false,false,false,false,false,0.17,2.23,0.77,7.34,"[]","[]",,,
10143,12380,2016,1,true,false,false,false,false,false,0.18,0.08,0,6.9,"[]","[]",,,
9681,11238,2016,1,true,false,false,false,false,false,0,0,0,6.2,"[]","[]",,,
9219,13055,2016,1,true,false,false,false,false,false,0.02,0.47,0.13,7.1,"[]","[]",,,
233972,34457,2016,1,true,false,false,false,false,false,0,0.1,0.03,5.2,"[]","[]",,,
11529,11438,2016,1,true,false,false,false,false,false,0.48,1,0.2,5.5,"[]","[]",,,
175538,15957,2016,1,true,false,false,false,false,false,0,0,0,4.3,"[]","[]",,,
152449,13340,2016,1,true,false,false,false,false,false,0,1.3,0.73,7.6,"[]","[]",,,
124788,26675,2016,1,true,false,false,false,false,false,0.1,0.65,0,3.9,"[]","[]",,,
224501,33777,2016,1,true,false,false,false,false,false,0.1,0,0.05,4.4,"[]","[]",,,
216050,13699,2016,1,true,false,false,false,false,false,0,0.97,0.6,9.5,"[]","[]",,,
147143,14086,2016,1,true,false,true,false,false,false,0.35,4.95,1.05,8.3,"[{""id"":708485,""treatmentType"":""Bath"",""startDate"":""2016-01-06T00:00:00"",""endDate"":""2016-01-06T00:00:00"",""entireLocality"":true,""treatmentDetail"":[{""id"":711718,""substanceId"":0,""substance"":{""id"":6,""name"":""Hydrogenperoksid""}},{""id"":711719,""substanceId"":0,""substance"":{""id"":6,""name"":""Hydrogenperoksid""}}]}]","[]",,,
78057,23056,2016,1,true,false,false,false,false,false,0.04,0,0,5.4,"[]","[]",,,
192168,10840,2016,1,true,false,false,false,false,false,0,0.02,0,5.3,"[]","[]",,,
18921,12392,2016,1,true,false,false,false,false,false,0.29,0.44,0.08,7.5,"[]","[]",,,
2543,14039,2016,1,true,false,false,false,false,false,2.88,6.78,2.48,7,"[]","[]",,,
169070,13876,2016,1,true,false,false,false,false,false,0.4,1.05,0,4.74,"[]","[]",,,
183940,14076,2016,1,true,false,false,false,false,false,0.02,0.04,0,5.2,"[]","[]",,,
39711,29056,2016,1,true,false,false,false,false,false,0.15,0.39,0.04,7.5,"[]","[]",,,
16611,12022,2016,1,true,false,false,false,false,false,0.02,0.1,0.05,6.2,"[]","[]",,,
101671,14435,2016,1,true,false,false,false,false,false,0.44,2.14,0.5,8.5,"[]","[]",,,
22386,14043,2016,1,true,false,false,false,false,false,0.09,0.43,0.09,8,"[]","[]",,,
32781,28996,2016,1,true,false,true,false,false,false,0.65,1.78,1.1,6.9,"[{""id"":708489,""treatmentType"":""Bath"",""startDate"":""2016-01-04T00:00:00"",""endDate"":""2016-01-04T00:00:00"",""entireLocality"":true,""treatmentDetail"":[{""id"":711723,""substanceId"":0,""substance"":{""id"":99,""name"":""Annet virkestoff""}}]}]","[]",,,
73668,10292,2016,1,true,false,false,false,false,false,0.12,0.3,0.2,5,"[]","[]",,,
149932,12978,2016,1,true,false,false,false,false,false,0.3,1.1,0.4,8,"[]","[]",,,
90762,33337,2016,1,true,false,false,false,false,false,0.48,3.08,0.4,8.07,"[]","[]",,,
143662,13549,2016,1,true,false,false,false,false,false,0.05,0.62,0.38,8,"[]","[]",,,
9912,10232,2016,1,true,false,false,false,false,false,0.24,1.14,0.07,7.19,"[]","[]",,,
6683,12134,2016,1,true,false,false,false,false,false,0.43,2.3,0.48,8,"[]","[]",,,
163781,10611,2016,1,true,false,false,false,false,false,0.07,0.07,0.05,5.4,"[]","[]",,,
107418,10137,2016,1,true,false,false,false,false,false,0.4,4,0.2,9.5,"[]","[]",,,
161447,31637,2016,1,true,false,false,false,false,false,0.18,0.2,0,5.1,"[]","[]",,,
235820,28956,2016,1,true,false,false,false,false,false,0,0.17,0.13,5.2,"[]","[]",,,
179253,12904,2016,1,true,false,false,false,false,false,1.06,2.26,0.04,9.4,"[]","[]",,,
227042,34277,2016,1,true,false,false,false,false,false,0.03,0.43,0,5,"[]","[]",,,
160995,10447,2016,1,true,false,false,false,false,false,0.02,0.12,0,4.51,"[]","[]",,,
225225,34057,2016,1,true,false,false,false,false,false,0.06,0.08,0,5.9,"[]","[]",,,
51954,11772,2016,1,true,false,false,false,false,false,0.38,0.7,0.28,8.6,"[]","[]",,,
63504,10078,2016,1,true,false,false,false,false,false,0.35,1.85,0.45,7,"[]","[]",,,
157298,10794,2016,1,true,false,false,false,false,false,0.02,0.18,0.05,3.9,"[]","[]",,,
217802,32977,2016,1,true,false,false,false,false,false,0.9,3.8,2.3,8.7,"[]","[]",,,
234665,10858,2016,1,true,false,false,false,false,false,0,0.06,0,5.8,"[]","[]",,,
120420,10814,2016,1,true,false,false,false,false,false,0.48,3.76,0.43,4.9,"[]","[]",,,
7833,12127,2016,1,true,false,false,false,false,false,0,0.03,0.23,8.8,"[]","[]",,,
234896,11864,2016,1,true,false,false,false,false,false,0,0,0,6.86,"[]","[]",,,
103741,10303,2016,1,true,false,false,false,false,false,0.15,0.45,0.12,8.1,"[]","[]",,,
54264,11611,2016,1,true,false,false,false,false,false,0.18,0.5,1.23,7.1,"[]","[]",,,
53802,13221,2016,1,true,false,false,false,false,false,0,0.55,0.1,8.2,"[]","[]",,,
92472,13965,2016,1,true,false,false,true,false,false,0.3,0.52,0.18,8.5,"[]","[{""id"":708516,""treatmentType"":""InFeed"",""startDate"":""2015-12-29T00:00:00"",""endDate"":""2016-01-18T00:00:00"",""entireLocality"":true,""treatmentDetail"":[{""id"":711759,""substanceId"":0,""substance"":{""id"":4,""name"":""Diflubenzuron""}}]}]",,,"7.00:00:00"
231893,33297,2016,1,true,false,false,false,false,false,0.2,0.6,0.2,5.3,"[]","[]",,,
21462,10375,2016,1,true,false,false,false,false,false,0.07,0.35,0.04,7.4,"[]","[]",,,
20076,14495,2016,1,true,false,false,false,false,false,0.08,0.27,0.06,7.3,"[]","[]",,,
162881,10791,2016,1,true,false,true,false,false,false,0.38,0.79,0.11,5.2,"[{""id"":708458,""treatmentType"":""Bath"",""startDate"":""2016-01-09T00:00:00"",""endDate"":""2016-01-10T00:00:00"",""entireLocality"":false,""treatmentDetail"":[{""id"":711689,""substanceId"":0,""substance"":{""id"":3,""name"":""Deltamethrin""}},{""id"":711690,""substanceId"":0,""substance"":{""id"":1,""name"":""Azamethiphos""}}]}]","[]",,,
190635,11129,2016,1,true,false,false,false,false,false,0.09,0.17,0,6.27,"[]","[]",,,
226118,33997,2016,1,true,false,false,false,false,false,0.03,0.02,0,5.4,"[]","[]",,,
155915,27055,2016,1,true,false,false,false,false,false,0.13,1.3,4.2,5.24,"[]","[]",,,
116740,13020,2016,1,true,false,false,false,false,false,0.05,0.25,0,7.38,"[]","[]",,,
117200,10181,2016,1,true,false,false,false,false,false,0.03,0.17,0.12,6.6,"[]","[]",,,
130078,31697,2016,1,true,true,false,false,false,false,0,0.02,0,7.6,"[]","[]",,"{""id"":701121,""entireLocality"":true}",
164456,10790,2016,1,true,false,false,false,false,false,0.18,0.23,0.1,5,"[]","[]",,,
16380,11908,2016,1,true,false,false,false,false,false,0.02,0.08,0,9.3,"[]","[]",,,
118350,15403,2016,1,true,false,false,false,false,false,0.57,2.06,0.23,7.51,"[]","[]",,,
147831,12071,2016,1,true,false,false,false,false,false,0,0.08,0.11,9.7,"[]","[]",,,
108108,28676,2016,1,true,false,false,false,false,false,0.06,0.25,0.02,5.7,"[]","[]",,,
178083,12179,2016,1,true,false,false,false,false,false,1.8,6,1.9,9,"[]","[]",,,
26775,12383,2016,1,true,false,false,false,false,false,0.06,0.43,0.02,7.3,"[]","[]",,,
73206,13888,2016,1,true,false,false,false,false,false,0.32,0.25,0.02,7.4,"[]","[]",,,
139274,19655,2016,1,true,false,false,true,false,false,0,0.55,0.42,6.86,"[]","[{""id"":708484,""treatmentType"":""InFeed"",""startDate"":null,""endDate"":""2016-01-10T00:00:00"",""entireLocality"":true,""treatmentDetail"":[{""id"":711717,""substanceId"":0,""substance"":{""id"":99,""name"":""Annet virkestoff""}}]}]",,,
112707,31397,2016,1,true,false,false,false,false,false,0.21,0.06,0.21,5.5,"[]","[]",,,
74361,13345,2016,1,true,false,false,false,false,false,0.17,1.27,0.27,7.9,"[]","[]",,,
48258,11738,2016,1,true,false,false,false,false,false,0.48,3.18,1.95,7.9,"[]","[]",,,
49644,13554,2016,1,true,false,true,false,false,false,8.92,16.96,0.35,9.2,"[{""id"":708509,""treatmentType"":""Bath"",""startDate"":""2016-01-10T00:00:00"",""endDate"":""2016-01-13T00:00:00"",""entireLocality"":true,""treatmentDetail"":[{""id"":711752,""substanceId"":0,""substance"":{""id"":6,""name"":""Hydrogenperoksid""}}]}]","[]",,,
60732,20315,2016,1,true,false,false,true,false,false,0.17,1.95,0.37,7.6,"[]","[{""id"":708586,""treatmentType"":""InFeed"",""startDate"":""2016-01-04T00:00:00"",""endDate"":""2016-01-17T00:00:00"",""entireLocality"":true,""treatmentDetail"":[{""id"":711856,""substanceId"":0,""substance"":{""id"":4,""name"":""Diflubenzuron""}}]}]",,,
211565,33517,2016,1,true,false,false,false,false,false,0.04,0.05,0,5.3,"[]","[]",,,
158214,10841,2016,1,true,false,false,false,false,false,0,0.28,0,5.3,"[]","[]",,,
53109,11688,2016,1,true,false,false,false,false,false,1.69,8.76,0,7.5,"[]","[]",,,
170687,13786,2016,1,true,false,false,false,false,false,0.02,0.19,0,6.6,"[]","[]",,,
17535,11972,2016,1,true,false,false,false,false,false,0.09,0.72,0.06,9.7,"[]","[]",,,
13608,11651,2016,1,true,false,false,false,false,false,0.03,0.4,0.15,7.7,"[]","[]",,,
30933,28636,2016,1,true,false,false,false,false,false,0.12,0.55,0,6.6,"[]","[]",,,
155687,10806,2016,1,true,false,false,false,false,false,0.05,0.11,0,5.23,"[]","[]",,,
31626,31959,2016,1,true,false,false,false,false,false,1.16,1.01,0,6.6,"[]","[]",,,
85680,13867,2016,1,true,false,false,false,false,false,0.17,1.2,0.14,6.5,"[]","[]",,,
99141,10086,2016,1,true,false,false,true,false,false,0.13,0.75,0.08,8.5,"[]","[{""id"":708515,""treatmentType"":""InFeed"",""startDate"":""2015-12-29T00:00:00"",""endDate"":""2016-01-16T00:00:00"",""entireLocality"":true,""treatmentDetail"":[{""id"":711758,""substanceId"":0,""substance"":{""id"":5,""name"":""Emamectin benzoat""}}]}]",,,
20769,17357,2016,1,true,false,false,false,false,false,0.11,0.63,0.12,8.4,"[]","[]",,,
114440,10893,2016,1,true,false,false,false,false,false,0,0.02,0,6.9,"[]","[]",,,
58422,12784,2016,1,true,false,false,false,false,false,0.05,0.08,0.1,6.8,"[]","[]",,,
41328,11964,2016,1,true,false,false,false,false,false,0.16,0.83,0.06,7.5,"[]","[]",,,
68817,10822,2016,1,true,false,false,false,false,false,0.03,0.52,0.37,4.2,"[]","[]",,,
152678,13804,2016,1,true,false,false,false,false,false,0.15,0.3,0,5.6,"[]","[]",,,
35553,29276,2016,1,true,false,false,false,false,false,0.37,0.54,0.12,6.9,"[]","[]",,,
143433,12018,2016,1,true,false,false,false,false,false,0,0.3,0.2,6.7,"[]","[]",,,
134216,12281,2016,1,true,false,false,false,false,false,0.08,0.24,0.01,6.64,"[]","[]",,,
474,12003,2016,1,true,false,false,false,false,false,0,0.16,0.01,9.2,"[]","[]",,,
2083,12126,2016,1,true,false,true,false,false,false,0.43,1.75,0.53,8.3,"[{""id"":708470,""treatmentType"":""Bath"",""startDate"":""2016-01-10T00:00:00"",""endDate"":""2016-01-10T00:00:00"",""entireLocality"":true,""treatmentDetail"":[{""id"":711703,""substanceId"":0,""substance"":{""id"":6,""name"":""Hydrogenperoksid""}}]}]","[]",,,
139044,16015,2016,1,true,false,false,false,false,false,0.15,0.35,0.1,5.4,"[]","[]",,,
120880,13612,2016,1,true,false,false,false,false,false,1.01,1.63,0.59,5.19,"[]","[]",,,
49875,12209,2016,1,true,false,false,false,false,false,0.1,1.49,0.4,7.58,"[]","[]",,,
60270,13887,2016,1,true,false,false,false,false,false,0.32,0.6,0.02,6.9,"[]","[]",,,
125478,12298,2016,1,true,false,false,false,false,false,0.08,0.36,0.06,6.84,"[]","[]",,,
231431,32137,2016,1,true,false,false,false,false,false,0,0,0,10.6,"[]","[]",,,
60963,10328,2016,1,true,false,false,false,false,false,0.02,0.65,0.03,6.88,"[]","[]",,,
131228,13249,2016,1,true,false,false,false,false,false,0.08,0.63,0.03,7.57,"[]","[]",,,
220805,30957,2016,1,true,false,false,false,false,false,2.73,5.9,0.17,6,"[]","[]",,,
91917,34857,2016,1,true,false,false,false,false,false,1.22,1.56,0.24,6.8,"[]","[]",,,
17304,12973,2016,1,true,false,false,false,false,false,0,0.3,0.1,5,"[]","[]",,,
33243,11888,2016,1,true,false,false,false,false,false,0.11,4.38,3.82,9.1,"[]","[]",,,
218726,13748,2016,1,true,false,false,false,false,false,0.05,0.2,0.05,7,"[]","[]",,,
119730,11856,2016,1,true,false,false,false,false,false,0,0,0,7.03,"[]","[]",,,
90300,28416,2016,1,true,false,false,false,false,false,0.04,0.05,0.02,5.7,"[]","[]",,,
56805,19135,2016,1,true,false,false,false,false,false,0,0.23,0.27,7.1,"[]","[]",,,
237204,35417,2016,1,true,false,false,false,false,false,0.3,0.35,0,5.3,"[]","[]",,,
61194,13243,2016,1,true,false,false,false,false,false,0.19,1.51,0.27,7.76,"[]","[]",,,
224270,15462,2016,1,true,false,false,false,false,false,0,0,0,5.7,"[]","[]",,,
55881,13035,2016,1,true,false,false,false,false,false,0.08,4.27,2.97,7.5,"[]","[]",,,
42483,10398,2016,1,true,false,false,false,false,false,0.11,0.07,0,7.1,"[]","[]",,,
92932,11758,2016,1,true,false,false,false,false,false,0.41,0.58,0,6.7,"[]","[]",,,
71358,20796,2016,1,true,false,false,false,false,false,0.03,0.16,0.05,7.7,"[]","[]",,,
75054,18898,2016,1,true,false,false,false,false,false,0.11,0.18,0.01,5.2,"[]","[]",,,
29778,24115,2016,1,true,false,false,false,false,false,0.3,0.94,0.08,6.3,"[]","[]",,,
81753,10550,2016,1,true,false,false,false,false,false,0.05,0.1,0,6.7,"[]","[]",,,
92702,11357,2016,1,true,false,false,false,false,false,0.11,0.1,0.01,5.6,"[]","[]",,,
35091,22315,2016,1,true,false,false,false,false,false,0.05,0.78,0.3,7.8,"[]","[]",,,
164231,10660,2016,1,true,false,false,false,false,false,0,0,0,5.8,"[]","[]",,,
113520,11861,2016,1,true,false,false,false,false,false,0,0,0,6.79,"[]","[]",,,
52647,20115,2016,1,true,false,true,false,false,false,0.31,0.56,0.86,5.3,"[{""id"":708499,""treatmentType"":""Bath"",""startDate"":""2016-01-09T00:00:00"",""endDate"":""2016-01-10T00:00:00"",""entireLocality"":false,""treatmentDetail"":[{""id"":711736,""substanceId"":0,""substance"":{""id"":99,""name"":""Annet virkestoff""}}]}]","[]",,,
194152,30757,2016,1,true,false,false,false,false,false,0.46,0.34,0.06,6.1,"[]","[]",,,
79443,13531,2016,1,true,false,false,false,false,false,0.05,0.12,0.04,5.7,"[]","[]",,,
211103,33157,2016,1,true,false,false,false,false,false,0.15,0.34,0.08,4.1,"[]","[]",,,
87066,11737,2016,1,true,false,false,false,false,false,0.05,1.8,0.05,7.6,"[]","[]",,,
63042,25896,2016,1,true,false,false,false,false,false,0.05,0.6,1.1,6.9,"[]","[]",,,
128008,11640,2016,1,true,false,false,false,false,false,0.07,0.42,0.1,6.97,"[]","[]",,,
133068,12192,2016,1,true,false,false,false,false,false,0,0.03,0,8.96,"[]","[]",,,
48951,32877,2016,1,true,false,false,false,false,false,0.35,1.61,0.55,6.5,"[]","[]",,,
75285,23695,2016,1,true,false,false,true,false,false,0.03,0.35,0.12,9.2,"[]","[{""id"":708587,""treatmentType"":""InFeed"",""startDate"":""2016-01-04T00:00:00"",""endDate"":""2016-01-17T00:00:00"",""entireLocality"":true,""treatmentDetail"":[{""id"":711857,""substanceId"":0,""substance"":{""id"":4,""name"":""Diflubenzuron""}}]}]",,,
178310,15236,2016,1,true,false,false,false,false,false,0,0.05,0,5.3,"[]","[]",,,
166298,20815,2016,1,true,false,false,false,false,false,0.2,1.53,0.63,6.8,"[]","[]",,,
194940,11326,2016,1,true,false,false,false,false,false,0.02,0,0,5.77,"[]","[]",,,
162431,10838,2016,1,true,false,false,false,false,false,0.04,0.18,0.15,6.6,"[]","[]",,,
43176,28096,2016,1,true,false,false,false,false,false,0.03,0.13,0.06,9.1,"[]","[]",,,
30471,26155,2016,1,true,false,false,false,false,false,0.18,0.5,0.35,6.7,"[]","[]",,,
200983,12154,2016,1,true,false,false,false,false,false,0,0.15,0,8.2,"[]","[]",,,
197474,27476,2016,1,true,false,false,false,false,false,0.07,0.13,1.07,5,"[]","[]",,,
145998,11605,2016,1,true,false,false,true,false,false,0.05,0.15,0.1,8.4,"[]","[{""id"":708486,""treatmentType"":""InFeed"",""startDate"":""2015-12-31T00:00:00"",""endDate"":""2016-01-12T00:00:00"",""entireLocality"":true,""treatmentDetail"":[{""id"":711720,""substanceId"":0,""substance"":{""id"":5,""name"":""Emamectin benzoat""}}]}]",,,
235550,35337,2016,1,true,false,false,false,false,false,0.02,0.05,0.06,5,"[]","[]",,,
18690,28896,2016,1,true,false,false,false,false,false,0.38,0.81,0,5.4,"[]","[]",,,
209255,13708,2016,1,true,false,false,false,false,false,0.47,1.1,0.33,8.6,"[]","[]",,,
232817,30537,2016,1,true,false,false,false,false,false,0.44,1.37,0.08,6.71,"[]","[]",,,
101901,11486,2016,1,true,false,false,false,false,false,0.08,0.56,0.14,8,"[]","[]",,,
208331,13290,2016,1,true,false,true,false,false,false,0.22,1.08,0.08,5.8,"[{""id"":708496,""treatmentType"":""Bath"",""startDate"":""2016-01-09T00:00:00"",""endDate"":""2016-01-10T00:00:00"",""entireLocality"":true,""treatmentDetail"":[{""id"":711733,""substanceId"":0,""substance"":{""id"":6,""name"":""Hydrogenperoksid""}}]}]","[]",,,
101441,11649,2016,1,true,false,false,false,false,false,0.03,0.05,0.01,5,"[]","[]",,,
153594,10735,2016,1,true,false,false,false,false,false,0,0,0,5.4,"[]","[]",,,
190320,10839,2016,1,true,false,false,false,false,false,0,0,0,4.8,"[]","[]",,,
157756,10281,2016,1,true,false,false,false,false,false,0.23,0.38,0.08,5.3,"[]","[]",,,
163106,10789,2016,1,true,false,false,false,false,false,0.17,0.22,0,4.3,"[]","[]",,,
48489,11971,2016,1,true,false,false,false,false,false,0.12,0.22,0,8.8,"[]","[]",,,
151991,11700,2016,1,true,true,false,false,false,false,0,0,0.35,5,"[]","[]",,"{""id"":701131,""entireLocality"":true}",
107878,11492,2016,1,true,false,false,false,false,false,0.12,0.5,0.05,6.4,"[]","[]",,,
172798,13593,2016,1,true,false,false,false,false,false,0,0.05,0,4.71,"[]","[]",,,
164681,24535,2016,1,true,false,false,false,false,false,0.16,0.28,0.12,5.8,"[]","[]",,,
151534,10311,2016,1,true,false,false,false,false,false,0.25,1.45,0.65,7,"[]","[]",,,
129388,13566,2016,1,true,false,false,false,false,false,0.07,2.22,0.93,8.4,"[]","[]",,,
76209,20776,2016,1,true,false,false,false,true,false,0.23,0.97,0.1,7.3,"[]","[]","{""id"":722361,""liceReport"":null,""entireLocality"":true,""cleanerFishDetail"":[{""id"":738997,""speciesId"":222120,""species"":{""id"":222120,""name"":""Rognkjeks (hun)""},""quantity"":32870},{""id"":738998,""speciesId"":1693,""species"":{""id"":1693,""name"":""Bergnebb""},""quantity"":-57},{""id"":738999,""speciesId"":1694,""species"":{""id"":1694,""name"":""GrÃ¸ngylt""},""quantity"":-35},{""id"":739000,""speciesId"":1691,""species"":{""id"":1691,""name"":""Berggylt""},""quantity"":-3}]}",,
88914,19016,2016,1,true,false,false,false,false,false,0.22,0.25,0,6.5,"[]","[]",,,
127778,13124,2016,1,true,false,false,false,false,false,0,0.04,0,7.4,"[]","[]",,,
196362,10875,2016,1,true,false,false,false,false,false,0,0.19,0.01,6.5,"[]","[]",,,
134676,13316,2016,1,true,false,false,false,false,false,0.15,0.15,0.1,5.4,"[]","[]",,,
81291,10552,2016,1,true,false,false,false,false,false,0.03,0.05,0.03,6.5,"[]","[]",,,
78750,23055,2016,1,true,false,false,false,false,false,0.04,0.04,0,5.4,"[]","[]",,,
16149,12081,2016,1,true,false,false,false,false,false,0,0.25,0.31,7.2,"[]","[]",,,
122949,26235,2016,1,true,false,false,false,false,false,0.15,0.5,0.25,8.3,"[]","[]",,,
215261,29376,2016,1,true,false,false,false,false,false,0,0.28,0.02,6.2,"[]","[]",,,
184776,11858,2016,1,true,false,false,false,false,false,0,0.01,0,6.14,"[]","[]",,,
221161,10798,2016,1,true,false,false,false,false,false,0.05,0.06,0.65,4.4,"[]","[]",,,
146456,11312,2016,1,true,false,false,false,false,false,0.02,0.02,0.01,6.6,"[]","[]",,,
54033,11776,2016,1,true,false,false,false,false,false,0.07,0.43,0,7.9,"[]","[]",,,
148060,11813,2016,1,true,false,false,false,false,false,0.43,3.66,1.2,7.9,"[]","[]",,,
68586,13727,2016,1,true,false,false,false,false,false,0.02,0.1,0,7.35,"[]","[]",,,
32319,22955,2016,1,true,false,true,false,false,false,0.34,0.76,0.24,6.97,"[{""id"":708457,""treatmentType"":""Bath"",""startDate"":""2016-01-09T00:00:00"",""endDate"":""2016-01-10T00:00:00"",""entireLocality"":true,""treatmentDetail"":[{""id"":711688,""substanceId"":0,""substance"":{""id"":99,""name"":""Annet virkestoff""}}]}]","[]",,,
50337,12074,2016,1,true,false,false,true,false,false,0.01,0.1,0.03,6.9,"[]","[{""id"":708428,""treatmentType"":""InFeed"",""startDate"":null,""endDate"":""2016-01-04T00:00:00"",""entireLocality"":true,""treatmentDetail"":[{""id"":711648,""substanceId"":0,""substance"":{""id"":5,""name"":""Emamectin benzoat""}}]}]",,,
95692,10309,2016,1,true,false,false,false,false,false,0.42,2.23,0.83,8.1,"[]","[]",,,
42021,13196,2016,1,true,false,false,false,false,false,0.09,0.48,0.16,8.3,"[]","[]",,,
92242,23375,2016,1,true,false,false,false,false,false,0.43,2.17,1.03,8.7,"[]","[]",,,
58884,15375,2016,1,true,false,false,false,false,false,0.13,0.08,0,6.1,"[]","[]",,,
144853,26575,2016,1,true,false,false,false,false,false,0.01,0.18,0,10.2,"[]","[]",,,
215122,29776,2016,1,true,false,false,false,false,false,0.02,0.4,0.1,5,"[]","[]",,,
123639,10582,2016,1,true,false,false,false,false,false,0,0.03,0.05,6.89,"[]","[]",,,
41559,13057,2016,1,true,false,false,false,false,false,0.75,1.95,0.2,11.1,"[]","[]",,,
131458,21755,2016,1,true,false,false,false,false,false,0.1,0.3,0,9.1,"[]","[]",,,
10836,12449,2016,1,true,false,false,false,false,false,0.55,0.87,0.01,7.53,"[]","[]",,,
11991,12268,2016,1,true,false,false,false,false,false,0.37,0.36,0.02,6.8,"[]","[]",,,
126168,15517,2016,1,true,false,false,false,false,false,0,0.09,0,6.1,"[]","[]",,,
129618,12662,2016,1,true,false,false,false,false,false,0.07,0.32,0.03,8,"[]","[]",,,
32550,25815,2016,1,true,false,false,false,false,false,0.48,1.46,0.93,6.61,"[]","[]",,,
14070,10054,2016,1,true,false,false,false,false,false,0.77,1.13,0.17,6.3,"[]","[]",,,
1393,20075,2016,1,true,false,false,false,false,false,0.09,0.24,0.17,6.3,"[]","[]",,,
163556,10635,2016,1,true,false,false,false,false,false,0.08,0.18,0.06,5.4,"[]","[]",,,
192861,17575,2016,1,true,false,false,false,false,false,0.12,0.56,0.01,5.7,"[]","[]",,,
100981,26055,2016,1,true,false,false,false,false,false,0.3,0.9,0,6.25,"[]","[]",,,
169301,12114,2016,1,true,false,false,false,false,false,0.05,0,0,6,"[]","[]",,,
39249,30837,2016,1,true,false,false,false,false,false,0.3,1.1,0.03,7.14,"[]","[]",,,
68124,31497,2016,1,true,false,false,false,false,false,0.4,3.27,0.87,6.8,"[]","[]",,,
22848,32717,2016,1,true,false,false,false,false,false,1.83,8.6,0,6.4,"[]","[]",,,
151305,10090,2016,1,true,false,false,false,false,false,0.15,0.8,0.35,7,"[]","[]",,,
105809,17077,2016,1,true,false,false,false,false,false,0.3,0.8,1.2,5.6,"[]","[]",,,
51723,32857,2016,1,true,false,true,false,false,false,0,0.05,0.21,12,"[{""id"":708467,""treatmentType"":""Bath"",""startDate"":""2016-01-07T00:00:00"",""endDate"":""2016-01-08T00:00:00"",""entireLocality"":false,""treatmentDetail"":[{""id"":711700,""substanceId"":0,""substance"":{""id"":99,""name"":""Annet virkestoff""}}]}]","[]",,,
44562,30560,2016,1,true,false,false,false,false,false,0.18,0.49,0,5.3,"[]","[]",,,
138584,13594,2016,1,true,false,false,false,false,false,0,0.03,0,5.9,"[]","[]",,,
33936,29336,2016,1,true,false,false,false,false,false,0.2,0.62,0,8.8,"[]","[]",,,
193955,30517,2016,1,true,false,false,false,false,false,0,0,0,6.5,"[]","[]",,,
12222,10821,2016,1,true,false,false,false,false,false,0.05,1.92,2.28,5.1,"[]","[]",,,
28161,13562,2016,1,true,false,false,false,false,false,0.46,0.98,0.06,5.83,"[]","[]",,,
120650,14081,2016,1,true,false,false,false,false,false,0.01,0.44,0.18,8.09,"[]","[]",,,
60039,13570,2016,1,true,false,false,false,false,false,0.32,0.74,0.01,7.3,"[]","[]",,,
172368,10570,2016,1,true,false,false,false,false,false,0.12,0.78,0.95,3.8,"[]","[]",,,
115590,10726,2016,1,true,false,false,false,false,false,0.03,0.03,0.18,5.2,"[]","[]",,,
94312,10968,2016,1,true,false,false,false,false,false,1.35,2.28,0,4,"[]","[]",,,
74823,24135,2016,1,true,false,false,false,false,false,0.16,0.36,0.01,9.2,"[]","[]",,,
233741,18117,2016,1,true,false,false,false,false,false,0,0,0,5.2,"[]","[]",,,
31395,31557,2016,1,true,false,false,false,false,false,0.49,0.58,0.01,7.91,"[]","[]",,,
146914,11303,2016,1,true,false,false,false,true,false,0.01,0,0,8.4,"[]","[]","{""id"":722294,""liceReport"":null,""entireLocality"":false,""cleanerFishDetail"":[{""id"":738852,""speciesId"":2221,""species"":{""id"":2221,""name"":""Rognkjeks (felles)""},""quantity"":81405}]}",,
43869,12839,2016,1,true,false,true,false,false,false,0.2,0.75,0.16,9.1,"[{""id"":708463,""treatmentType"":""Bath"",""startDate"":""2016-01-03T00:00:00"",""endDate"":""2016-01-09T00:00:00"",""entireLocality"":true,""treatmentDetail"":[{""id"":711696,""substanceId"":0,""substance"":{""id"":6,""name"":""Hydrogenperoksid""}}]}]","[]",,,
9450,12885,2016,1,true,false,false,false,false,false,0.22,1.3,0,7.3,"[]","[]",,,
67893,13837,2016,1,true,false,true,false,false,false,0.14,0.77,0.27,6.34,"[{""id"":708460,""treatmentType"":""Bath"",""startDate"":""2016-01-06T00:00:00"",""endDate"":""2016-01-06T00:00:00"",""entireLocality"":true,""treatmentDetail"":[{""id"":711692,""substanceId"":0,""substance"":{""id"":3,""name"":""Deltamethrin""}},{""id"":711693,""substanceId"":0,""substance"":{""id"":1,""name"":""Azamethiphos""}}]}]","[]",,,
98451,13704,2016,1,true,false,false,true,false,false,0.18,0.45,0.05,8.3,"[]","[{""id"":708514,""treatmentType"":""InFeed"",""startDate"":""2015-12-29T00:00:00"",""endDate"":""2016-01-10T00:00:00"",""entireLocality"":true,""treatmentDetail"":[{""id"":711757,""substanceId"":0,""substance"":{""id"":4,""name"":""Diflubenzuron""}}]}]",,,"7.00:00:00"
91686,13226,2016,1,true,false,false,false,false,false,0.15,2.5,0.08,9.69,"[]","[]",,,
244,11925,2016,1,true,false,false,false,false,false,0.1,0.62,0,6.9,"[]","[]",,,
180197,19235,2016,1,true,false,false,false,false,false,0.14,0.32,0,6.47,"[]","[]",,,
114210,10616,2016,1,true,false,false,false,false,false,0.38,0.38,0.02,5.8,"[]","[]",,,
170225,11315,2016,1,true,false,false,false,false,false,0.2,0.25,0,5,"[]","[]",,,
160523,10091,2016,1,true,false,false,false,false,false,0,0.45,1,7.5,"[]","[]",,,
88683,13246,2016,1,true,false,false,false,false,false,0.22,1.74,0.11,7.21,"[]","[]",,,
222191,13306,2016,1,true,false,false,false,false,false,0.47,0.62,0.12,5.5,"[]","[]",,,
161909,24155,2016,1,true,false,false,false,false,false,0.22,0.22,0.33,5,"[]","[]",,,
33705,32617,2016,1,true,false,false,false,false,false,0.1,0.1,0.1,5.5,"[]","[]",,,
187317,24175,2016,1,true,false,false,false,true,false,0.04,0.23,0.34,5,"[]","[]","{""id"":722175,""liceReport"":null,""entireLocality"":true,""cleanerFishDetail"":[{""id"":738598,""speciesId"":222120,""species"":{""id"":222120,""name"":""Rognkjeks (hun)""},""quantity"":1}]}",,
198247,30559,2016,1,true,false,false,false,false,false,0.21,1.49,0.28,5.47,"[]","[]",,,
99371,11338,2016,1,true,false,false,false,false,false,0.37,0.2,0,5.84,"[]","[]",,,
25158,11088,2016,1,true,false,false,false,false,false,0.77,1.09,0.03,5.4,"[]","[]",,,
98681,14019,2016,1,true,false,false,false,false,false,0.01,0.06,0,6,"[]","[]",,,
10374,12394,2016,1,true,true,false,false,false,false,0.76,0.75,0.01,6.6,"[]","[]",,"{""id"":701130,""entireLocality"":false}",
86373,30196,2016,1,true,false,false,false,false,false,0.43,1.88,0.35,9.4,"[]","[]",,,
230738,34697,2016,1,true,false,false,false,false,false,0,0.04,0,5.2,"[]","[]",,,
30009,24696,2016,1,true,false,false,false,false,false,0.12,0.25,0,6.6,"[]","[]",,,
102131,10298,2016,1,true,false,false,false,false,false,0.05,0.22,0.16,6.9,"[]","[]",,,
229583,33457,2016,1,true,false,false,false,false,false,0.38,0.38,0,7.2,"[]","[]",,,
3693,11793,2016,1,true,false,false,false,false,false,0.85,2.2,0,7.6,"[]","[]",,,
173459,11339,2016,1,true,false,false,false,false,false,0.1,0,0,5,"[]","[]",,,
98221,32017,2016,1,true,false,false,false,false,false,0,0,0.25,6.3,"[]","[]",,,
116510,24695,2016,1,true,false,false,false,false,false,0.1,0.21,0.12,7,"[]","[]",,,
6224,12982,2016,2,true,false,false,false,false,false,0.8,2.7,0,7.5,"[]","[]",,,
45025,11756,2016,2,true,false,false,false,false,false,0.45,1.3,0.4,7.2,"[]","[]",,,
93853,12067,2016,2,true,false,false,false,false,false,0.43,1.63,0.33,1,"[]","[]",,,
144586,15196,2016,2,true,false,false,false,false,false,0,0.16,0.03,5,"[]","[]",,,
17767,12086,2016,2,true,false,true,false,false,false,0.7,1.1,0.2,6.53,"[{""id"":708548,""treatmentType"":""Bath"",""startDate"":""2016-01-17T00:00:00"",""endDate"":null,""entireLocality"":false,""treatmentDetail"":[{""id"":711799,""substanceId"":0,""substance"":{""id"":6,""name"":""Hydrogenperoksid""}}]}]","[]",,,
27469,13227,2016,2,true,false,false,false,false,false,0.16,1.01,0.66,6.86,"[]","[]",,,
73900,11513,2016,2,true,false,false,false,false,false,0.68,1.82,0.05,4.8,"[]","[]",,,
91225,32277,2016,2,true,false,true,false,false,false,0.22,0.53,0.07,3.9,"[{""id"":708544,""treatmentType"":""Bath"",""startDate"":""2016-01-13T00:00:00"",""endDate"":""2016-01-14T00:00:00"",""entireLocality"":false,""treatmentDetail"":[{""id"":711792,""substanceId"":0,""substance"":{""id"":1,""name"":""Azamethiphos""}},{""id"":711793,""substanceId"":0,""substance"":{""id"":6,""name"":""Hydrogenperoksid""}},{""id"":711794,""substanceId"":0,""substance"":{""id"":6,""name"":""Hydrogenperoksid""}}]}]","[]",,,
90994,32297,2016,2,true,false,true,false,false,false,0.22,0.28,0.03,3.9,"[{""id"":708543,""treatmentType"":""Bath"",""startDate"":""2016-01-11T00:00:00"",""endDate"":""2016-01-13T00:00:00"",""entireLocality"":true,""treatmentDetail"":[{""id"":711789,""substanceId"":0,""substance"":{""id"":1,""name"":""Azamethiphos""}},{""id"":711790,""substanceId"":0,""substance"":{""id"":99,""name"":""Annet virkestoff""}},{""id"":711791,""substanceId"":0,""substance"":{""id"":99,""name"":""Annet virkestoff""}}]}]","[]",,,
145541,30156,2016,2,true,false,false,false,false,false,0.06,0.01,0,4.9,"[]","[]",,,
46411,12085,2016,2,true,false,false,false,false,false,0.24,0.52,0,7.3,"[]","[]",,,
133298,13254,2016,2,true,false,false,false,false,false,0.23,0.55,0.34,5.7,"[]","[]",,,
212721,13518,2016,2,true,false,false,false,false,false,0,0,0,4.9,"[]","[]",,,
155002,11800,2016,2,true,false,false,true,false,false,0.13,1.23,0.7,6.31,"[]","[{""id"":708530,""treatmentType"":""InFeed"",""startDate"":""2016-01-13T00:00:00"",""endDate"":null,""entireLocality"":false,""treatmentDetail"":[{""id"":711775,""substanceId"":0,""substance"":{""id"":5,""name"":""Emamectin benzoat""}}]}]",,,
127319,10275,2016,2,true,false,false,false,false,false,0.38,0.26,0.1,5,"[]","[]",,,
56113,13873,2016,2,true,false,false,false,false,false,0.1,0.23,0.18,9,"[]","[]",,,
125249,26795,2016,2,true,false,false,false,false,false,0,0.02,0.02,6.5,"[]","[]",,,
198439,13305,2016,2,true,false,false,false,false,false,0,0.01,0.06,5,"[]","[]",,,
177174,13572,2016,2,true,false,false,false,false,false,0.29,0.53,0.09,6.9,"[]","[]",,,
134907,31877,2016,2,true,false,false,false,false,false,0.03,0.1,0.03,6.6,"[]","[]",,,
135826,20396,2016,2,true,false,false,false,false,false,0.13,0.07,0.23,4.5,"[]","[]",,,
14764,12095,2016,2,true,false,false,false,false,false,0.27,0.83,0,7.8,"[]","[]",,,
148518,30397,2016,2,true,false,false,false,false,false,0,0.03,0.02,5.5,"[]","[]",,,
113981,25055,2016,2,true,false,false,false,true,false,0,0.2,0,8.37,"[]","[]","{""id"":722402,""liceReport"":null,""entireLocality"":true,""cleanerFishDetail"":[{""id"":739087,""speciesId"":2221,""species"":{""id"":2221,""name"":""Rognkjeks (felles)""},""quantity"":28032}]}",,
2314,11930,2016,2,true,false,true,false,false,false,0.26,1.03,0.58,9.2,"[{""id"":708531,""treatmentType"":""Bath"",""startDate"":""2016-01-11T00:00:00"",""endDate"":""2016-01-14T00:00:00"",""entireLocality"":true,""treatmentDetail"":[{""id"":711776,""substanceId"":0,""substance"":{""id"":3,""name"":""Deltamethrin""}}]}]","[]",,,
102592,12178,2016,2,true,false,false,false,false,false,0,0.08,0.13,9,"[]","[]",,,
1164,31317,2016,2,true,false,false,false,false,false,0.33,1.16,0.1,5.4,"[]","[]",,,
122490,12625,2016,2,true,false,false,false,false,false,0.47,1.09,0.61,6.1,"[]","[]",,,
65353,12308,2016,2,true,false,false,false,false,false,0.13,1.05,1.18,7.2,"[]","[]",,,
87298,22455,2016,2,true,false,false,false,false,false,0.09,1.01,0.44,6.97,"[]","[]",,,
27931,23436,2016,2,true,false,false,false,false,false,0,2.45,0.93,7.4,"[]","[]",,,
232125,34997,2016,2,true,false,false,false,false,false,0.03,0.1,0,5.2,"[]","[]",,,
80368,11340,2016,2,true,false,false,false,false,false,0.08,0.32,0.06,5.9,"[]","[]",,,
24697,12156,2016,2,true,false,false,false,false,false,0.18,0.13,0.02,7.1,"[]","[]",,,
114901,31857,2016,2,true,false,false,false,false,false,0.04,0.07,0,4.6,"[]","[]",,,
24235,10212,2016,2,true,false,true,false,false,false,0.38,0.56,0,6.8,"[{""id"":709083,""treatmentType"":""Bath"",""startDate"":""2016-01-14T00:00:00"",""endDate"":""2016-01-14T00:00:00"",""entireLocality"":false,""treatmentDetail"":[{""id"":712448,""substanceId"":0,""substance"":{""id"":99,""name"":""Annet virkestoff""}}]}]","[]",,,
169764,13284,2016,2,true,false,false,false,false,false,0.43,0.96,0.02,6.96,"[]","[]",,,
68356,34897,2016,2,true,false,false,false,false,false,0.41,1.28,0.8,7,"[]","[]",,,
1624,15796,2016,2,true,false,false,false,false,false,0.06,0.11,1.12,6.5,"[]","[]",,,
21925,11488,2016,2,true,false,false,false,false,false,0.09,0.61,0.21,6.7,"[]","[]",,,
113291,11015,2016,2,true,false,false,false,false,false,0.04,0.12,0,4.41,"[]","[]",,,
27700,15621,2016,2,true,false,false,false,false,false,0.65,0.95,0,5,"[]","[]",,,
22618,12594,2016,2,true,false,false,false,false,false,0.05,0.21,0.11,6.97,"[]","[]",,,
221749,28336,2016,2,true,false,false,false,false,false,0.09,0.03,0.08,6.31,"[]","[]",,,
222885,32897,2016,2,true,false,false,false,false,false,0.11,0.04,0.12,6.18,"[]","[]",,,
96842,11435,2016,2,true,false,false,false,false,false,0,0.03,0,7.3,"[]","[]",,,
48721,31038,2016,2,true,false,true,false,false,false,0.07,0.36,0.28,5.5,"[{""id"":708502,""treatmentType"":""Bath"",""startDate"":""2016-01-13T00:00:00"",""endDate"":""2016-01-15T00:00:00"",""entireLocality"":false,""treatmentDetail"":[{""id"":711739,""substanceId"":0,""substance"":{""id"":99,""name"":""Annet virkestoff""}},{""id"":711740,""substanceId"":0,""substance"":{""id"":99,""name"":""Annet virkestoff""}}]}]","[]",,,
66739,13841,2016,2,true,false,false,false,false,false,0.23,1.55,0.59,8.19,"[]","[]",,,
57037,33537,2016,2,true,false,false,false,false,false,0.01,0.14,0.01,5.2,"[]","[]",,,
166068,11721,2016,2,true,false,false,false,false,false,0.08,0.25,0.17,10.1,"[]","[]",,,
51031,11087,2016,2,true,false,false,false,false,false,0.14,0.81,0.04,5.3,"[]","[]",,,
153366,11749,2016,2,true,false,false,false,false,false,0.1,2.45,0.7,6.5,"[]","[]",,,
3234,11857,2016,2,true,false,false,false,false,false,0.01,0.1,0,6.86,"[]","[]",,,
143200,22035,2016,2,true,false,false,true,false,false,0.84,1.09,0.01,5.9,"[]","[{""id"":708532,""treatmentType"":""InFeed"",""startDate"":""2016-01-13T00:00:00"",""endDate"":""2016-01-19T00:00:00"",""entireLocality"":false,""treatmentDetail"":[{""id"":711777,""substanceId"":0,""substance"":{""id"":4,""name"":""Diflubenzuron""}}]}]",,,
25390,12007,2016,2,true,false,false,false,false,false,1.48,3.35,0.18,8.4,"[]","[]",,,
36478,32457,2016,2,true,false,false,true,false,false,0.16,0.73,0.26,7.5,"[]","[{""id"":711170,""treatmentType"":""InFeed"",""startDate"":""2016-01-11T00:00:00"",""endDate"":""2016-01-17T00:00:00"",""entireLocality"":true,""treatmentDetail"":[{""id"":714723,""substanceId"":0,""substance"":{""id"":5,""name"":""Emamectin benzoat""}}]}]",,,
28855,13229,2016,2,true,true,true,false,false,false,0.11,0.14,0.02,6.94,"[{""id"":708526,""treatmentType"":""Bath"",""startDate"":""2016-01-11T00:00:00"",""endDate"":""2016-01-12T00:00:00"",""entireLocality"":true,""treatmentDetail"":[{""id"":711771,""substanceId"":0,""substance"":{""id"":99,""name"":""Annet virkestoff""}}]}]","[]",,"{""id"":701137,""entireLocality"":false}",
88222,10338,2016,2,true,false,false,false,false,false,0.2,0.6,0.5,5.3,"[]","[]",,,
82447,11076,2016,2,true,false,false,false,false,false,0.13,0.33,0,5.68,"[]","[]",,,
14995,10110,2016,2,true,false,false,false,false,false,0.07,1.02,0.1,7.79,"[]","[]",,,
46180,26595,2016,2,true,false,false,false,false,false,0.26,0.93,0.04,6.3,"[]","[]",,,
171429,10505,2016,2,true,false,false,false,false,false,0.32,0.37,0,5.7,"[]","[]",,,
184359,30097,2016,2,true,false,false,false,false,false,0.31,1.46,0,7.7,"[]","[]",,,
33013,32197,2016,2,true,false,false,false,false,false,0.63,0.99,0.15,6.4,"[]","[]",,,
233049,35237,2016,2,true,false,false,false,false,false,0.05,0.02,0,5,"[]","[]",,,
153137,32157,2016,2,true,false,false,false,false,false,0.28,0.48,0.18,6.65,"[]","[]",,,
86605,32117,2016,2,true,false,false,false,false,false,0.02,0.16,0.18,6.73,"[]","[]",,,
103282,11381,2016,2,true,false,false,false,false,false,0.02,0.02,0,5.59,"[]","[]",,,
142970,13711,2016,2,true,false,false,false,false,false,0.2,2.25,3.4,9.7,"[]","[]",,,
5764,12128,2016,2,true,false,true,false,false,false,0.08,0.21,0.03,6.7,"[{""id"":708870,""treatmentType"":""Bath"",""startDate"":""2016-01-10T00:00:00"",""endDate"":""2016-01-12T00:00:00"",""entireLocality"":true,""treatmentDetail"":[{""id"":712182,""substanceId"":0,""substance"":{""id"":6,""name"":""Hydrogenperoksid""}}]}]","[]",,,
100752,15456,2016,2,true,false,false,false,false,false,0.04,0.76,0.13,9,"[]","[]",,,
17998,14041,2016,2,true,false,false,false,false,false,0,0.06,0.03,6.7,"[]","[]",,,
93393,12109,2016,2,true,false,false,false,false,false,0.01,0.05,0,7.2,"[]","[]",,,
206253,30917,2016,2,true,false,false,false,false,false,0,0.13,0.07,5.07,"[]","[]",,,
88453,29537,2016,2,true,false,false,false,false,false,0,0,0.02,6.6,"[]","[]",,,
27238,12236,2016,2,true,false,false,false,false,false,0.67,4.23,1.55,6.8,"[]","[]",,,
210642,33077,2016,2,true,false,false,false,false,false,0.4,3.1,1.45,10.1,"[]","[]",,,
65815,12879,2016,2,true,false,false,false,false,false,0.18,1.78,0.05,7,"[]","[]",,,
37864,32677,2016,2,true,false,false,false,false,false,0.12,0.13,0.06,6.8,"[]","[]",,,
183732,14796,2016,2,true,false,false,false,false,false,0,0.03,0.06,4.5,"[]","[]",,,
36709,24575,2016,2,true,false,false,false,false,false,0.01,0.13,0.02,5,"[]","[]",,,
135366,12624,2016,2,true,false,true,false,false,false,0.6,1.52,0.13,6.47,"[{""id"":708547,""treatmentType"":""Bath"",""startDate"":""2016-01-12T00:00:00"",""endDate"":null,""entireLocality"":false,""treatmentDetail"":[{""id"":711798,""substanceId"":0,""substance"":{""id"":99,""name"":""Annet virkestoff""}}]}]","[]",,,
30703,26775,2016,2,true,false,false,false,false,false,0.15,0.03,0,6.8,"[]","[]",,,
168378,10544,2016,2,true,false,false,false,false,false,0.29,0.26,0,4.7,"[]","[]",,,
103512,19336,2016,2,true,false,false,false,false,false,0.37,0.57,0,7.3,"[]","[]",,,
2774,12407,2016,2,true,false,false,false,false,false,0.15,0.6,0,6.4,"[]","[]",,,
54727,25835,2016,2,true,false,true,false,false,false,0.85,0.98,0.2,7,"[{""id"":708491,""treatmentType"":""Bath"",""startDate"":""2016-01-11T00:00:00"",""endDate"":""2016-01-12T00:00:00"",""entireLocality"":false,""treatmentDetail"":[{""id"":711726,""substanceId"":0,""substance"":{""id"":6,""name"":""Hydrogenperoksid""}},{""id"":711727,""substanceId"":0,""substance"":{""id"":6,""name"":""Hydrogenperoksid""}}]}]","[]",,,
137895,11833,2016,2,true,false,true,false,false,false,0.06,0.27,0.26,5.69,"[{""id"":708519,""treatmentType"":""Bath"",""startDate"":""2016-01-12T00:00:00"",""endDate"":""2016-01-16T00:00:00"",""entireLocality"":false,""treatmentDetail"":[{""id"":711763,""substanceId"":0,""substance"":{""id"":6,""name"":""Hydrogenperoksid""}}]}]","[]",,,
96152,16939,2016,2,true,false,false,false,false,false,0.06,0.17,0.03,4.94,"[]","[]",,,
23080,33697,2016,2,true,false,false,false,false,false,0.28,0.45,0.02,8.4,"[]","[]",,,
128699,10880,2016,2,true,false,false,false,false,false,0.81,2.1,0.02,6,"[]","[]",,,
159831,11736,2016,2,true,false,false,false,false,false,0,0.95,0.36,7.9,"[]","[]",,,
216648,19278,2016,2,true,false,false,false,false,false,1.38,2.16,0.2,6.6,"[]","[]",,,
46642,22015,2016,2,true,false,false,false,false,false,0.35,6.6,0,7.2,"[]","[]",,,
148747,11814,2016,2,true,false,false,false,false,false,0.01,0.98,1.06,7.5,"[]","[]",,,
75748,13669,2016,2,true,false,false,false,false,false,0.47,1.37,0.25,7.5,"[]","[]",,,
60502,13058,2016,2,true,false,false,false,false,false,0.4,1.17,0,9.31,"[]","[]",,,
150391,10747,2016,2,true,false,false,false,false,false,0.15,0.2,0.17,4.6,"[]","[]",,,
146228,31297,2016,2,true,false,false,false,false,false,0.1,0.2,0,4.6,"[]","[]",,,
133527,12078,2016,2,true,false,false,false,false,false,0,0.25,0.18,7.1,"[]","[]",,,
94773,11667,2016,2,true,false,false,false,false,false,0.4,3.12,0.75,8.1,"[]","[]",,,
8989,13021,2016,2,true,false,false,false,false,false,0.28,0.58,0.25,5.5,"[]","[]",,,
106730,26335,2016,2,true,false,false,false,false,false,0.48,2.67,0.45,5.8,"[]","[]",,,
231841,34357,2016,2,true,false,false,false,false,false,0,0.12,0.04,6.36,"[]","[]",,,
187780,31357,2016,2,true,false,false,false,false,false,0.34,0.37,0.03,6.31,"[]","[]",,,
14302,13036,2016,2,true,false,false,false,false,false,0.32,0.38,0.05,5.9,"[]","[]",,,
57499,11530,2016,2,true,false,true,false,false,false,0.04,0.46,0.35,6.83,"[{""id"":708522,""treatmentType"":""Bath"",""startDate"":""2016-01-11T00:00:00"",""endDate"":""2016-01-13T00:00:00"",""entireLocality"":true,""treatmentDetail"":[{""id"":711766,""substanceId"":0,""substance"":{""id"":99,""name"":""Annet virkestoff""}}]}]","[]",,,
89377,10324,2016,2,true,true,true,false,false,false,0.11,0.15,0.05,5.97,"[{""id"":708527,""treatmentType"":""Bath"",""startDate"":""2016-01-12T00:00:00"",""endDate"":""2016-01-13T00:00:00"",""entireLocality"":false,""treatmentDetail"":[{""id"":711772,""substanceId"":0,""substance"":{""id"":99,""name"":""Annet virkestoff""}}]}]","[]",,"{""id"":701138,""entireLocality"":false}",
227505,33617,2016,2,true,false,false,false,false,false,0.22,2.05,0,6.9,"[]","[]",,,
104432,11365,2016,2,true,false,false,false,false,false,0.06,0.05,0.06,4.7,"[]","[]",,,
71128,13852,2016,2,true,false,false,false,false,false,0.7,1.08,0,7.6,"[]","[]",,,
57268,24315,2016,2,true,false,false,false,false,false,0.01,0.09,0,5.2,"[]","[]",,,
208794,32037,2016,2,true,false,false,true,false,false,0.17,0.23,0,6.1,"[]","[{""id"":708594,""treatmentType"":""InFeed"",""startDate"":""2016-01-13T00:00:00"",""endDate"":""2016-01-29T00:00:00"",""entireLocality"":true,""treatmentDetail"":[{""id"":711864,""substanceId"":0,""substance"":{""id"":4,""name"":""Diflubenzuron""}}]}]",,,
130999,10734,2016,2,true,false,false,false,false,false,0,0,0,4.4,"[]","[]",,,
51493,11690,2016,2,true,false,false,false,false,false,0.02,0.07,0.06,5.9,"[]","[]",,,
193093,32917,2016,2,true,false,false,false,false,false,0.02,0.02,0,5.9,"[]","[]",,,
58192,17177,2016,2,true,false,false,false,false,false,0.18,1.68,0.63,7.9,"[]","[]",,,
90532,11559,2016,2,true,false,false,false,false,false,0.15,0.3,0.01,6.2,"[]","[]",,,
107189,11907,2016,2,true,false,false,false,false,false,0.61,1.17,0,7.5,"[]","[]",,,
194350,29096,2016,2,true,false,false,false,false,false,0,0.01,0.06,5.96,"[]","[]",,,
10606,12435,2016,2,true,false,false,false,false,false,0.43,0.69,0.02,5.93,"[]","[]",,,
56344,12265,2016,2,true,false,false,false,false,false,0.92,1.61,0.31,8.5,"[]","[]",,,
225888,33357,2016,2,true,false,false,false,false,false,0,0,0,7,"[]","[]",,,
5994,32317,2016,2,true,false,false,false,false,false,0,0.15,0,7.5,"[]","[]",,,
89839,29697,2016,2,true,false,false,false,false,false,0.45,0.52,0,8,"[]","[]",,,
15226,12789,2016,2,true,false,false,false,false,false,0.13,0.21,0.07,6,"[]","[]",,,
177387,13949,2016,2,true,false,false,false,false,false,0,0.13,0.23,4.1,"[]","[]",,,
58654,13886,2016,2,true,false,false,false,false,false,0.03,0.09,0.05,6.6,"[]","[]",,,
77134,31577,2016,2,true,false,false,false,false,false,0,0,0.04,7.6,"[]","[]",,,
162657,13996,2016,2,true,false,false,false,false,false,0.04,1.2,0.99,5.4,"[]","[]",,,
104892,26615,2016,2,true,false,false,false,false,false,0,0.13,0,5.57,"[]","[]",,,
70897,11643,2016,2,true,false,false,false,false,false,0.5,3.45,1.8,7,"[]","[]",,,
41098,11511,2016,2,true,true,false,false,false,false,0.21,0.69,0.31,5.6,"[]","[]",,"{""id"":701129,""entireLocality"":false}",
31165,30257,2016,2,true,false,false,false,false,false,0.16,0.31,0.08,7.4,"[]","[]",,,
102362,12896,2016,2,true,false,false,false,false,false,0.22,0.9,0.63,6.9,"[]","[]",,,
125939,11740,2016,2,true,false,false,false,false,false,0.32,1.89,0.3,5.8,"[]","[]",,,
77827,10425,2016,2,true,false,true,false,false,false,0.3,0.13,0,9.2,"[{""id"":708518,""treatmentType"":""Bath"",""startDate"":""2016-01-11T00:00:00"",""endDate"":""2016-01-14T00:00:00"",""entireLocality"":true,""treatmentDetail"":[{""id"":711761,""substanceId"":0,""substance"":{""id"":3,""name"":""Deltamethrin""}},{""id"":711762,""substanceId"":0,""substance"":{""id"":1,""name"":""Azamethiphos""}}]}]","[]",,,
3464,30897,2016,2,true,true,false,false,false,false,0.49,0.39,0.01,3.29,"[]","[]",,"{""id"":701141,""entireLocality"":false}",
108568,11783,2016,2,true,false,false,false,false,false,0.33,1.08,0.58,8.2,"[]","[]",,,
158450,14679,2016,2,true,false,false,false,false,false,0,5.98,0.68,5.8,"[]","[]",,,
66277,13503,2016,2,true,false,false,false,false,false,0.03,0,0,5.3,"[]","[]",,,
105351,12590,2016,2,true,false,false,false,false,false,0.03,0.13,0.03,3.9,"[]","[]",,,
39943,22596,2016,2,true,false,false,false,false,false,0.22,0.69,0.06,8.13,"[]","[]",,,
181797,13119,2016,2,true,false,false,false,false,false,0,0,0,4.6,"[]","[]",,,
140210,13006,2016,2,true,false,false,false,false,false,0.48,1.04,0.16,4.9,"[]","[]",,,
39481,34017,2016,2,true,false,false,false,false,false,0,0.2,0,6.7,"[]","[]",,,
48028,10300,2016,2,true,false,false,false,false,false,0.27,0.73,0.31,6.8,"[]","[]",,,
38326,33797,2016,2,true,false,false,false,false,false,0.06,0.78,0,8.64,"[]","[]",,,
202326,10410,2016,2,true,false,false,false,false,false,0.3,0.77,0.34,5.2,"[]","[]",,,
18460,12036,2016,2,true,false,false,true,false,false,0.03,0.25,0.16,7.4,"[]","[{""id"":708541,""treatmentType"":""InFeed"",""startDate"":""2016-01-13T00:00:00"",""endDate"":null,""entireLocality"":false,""treatmentDetail"":[{""id"":711787,""substanceId"":0,""substance"":{""id"":99,""name"":""Annet virkestoff""}}]}]",,,
148976,10291,2016,2,true,false,false,false,false,false,0.05,3.75,0.75,6.5,"[]","[]",,,
138355,12035,2016,2,true,false,false,false,false,false,0,0.15,0.1,7.47,"[]","[]",,,
47335,32757,2016,2,true,false,false,false,false,false,0.35,1.8,0.8,7.97,"[]","[]",,,
70435,13643,2016,2,true,false,false,false,false,false,0.06,1.18,0.02,7.5,"[]","[]",,,
54496,33218,2016,2,true,false,false,false,false,false,0.04,0.17,0.05,5.2,"[]","[]",,,
164007,21016,2016,2,true,false,false,false,false,false,0,0.15,0.02,5.7,"[]","[]",,,
51262,34397,2016,2,true,false,false,false,false,false,0.2,2,0.85,6.5,"[]","[]",,,
97302,10536,2016,2,true,false,false,false,false,false,0.15,0.05,0,5.87,"[]","[]",,,
74593,13231,2016,2,true,false,false,false,false,false,0.4,1.06,0.1,6.4,"[]","[]",,,
199092,12115,2016,2,true,false,false,false,false,false,0,0,0,5.5,"[]","[]",,,
141360,18936,2016,2,true,false,true,false,false,false,0.12,0.14,0,5.9,"[{""id"":708517,""treatmentType"":""Bath"",""startDate"":""2016-01-13T00:00:00"",""endDate"":""2016-01-16T00:00:00"",""entireLocality"":false,""treatmentDetail"":[{""id"":711760,""substanceId"":0,""substance"":{""id"":6,""name"":""Hydrogenperoksid""}}]}]","[]",,,
1854,10240,2016,2,true,false,false,false,false,false,0.1,0.45,0,6.4,"[]","[]",,,
7374,27095,2016,2,true,false,false,false,false,false,0.13,0.93,0.17,6.5,"[]","[]",,,
213645,29756,2016,2,true,false,false,false,false,false,0.37,1.38,0.26,4.9,"[]","[]",,,
76903,12224,2016,2,true,false,false,false,false,false,0.45,1.9,0.2,8.2,"[]","[]",,,
70666,13236,2016,2,true,false,false,false,true,false,0.01,0.15,0.06,9.17,"[]","[]","{""id"":722378,""liceReport"":null,""entireLocality"":false,""cleanerFishDetail"":[{""id"":739040,""speciesId"":2221,""species"":{""id"":2221,""name"":""Rognkjeks (felles)""},""quantity"":15028}]}",,
132379,24295,2016,2,true,false,false,false,false,false,0,0.05,0.02,4.2,"[]","[]",,,